position	fragment	kit	algorithm
21	5104	V14	SUP
23	5104	V14	SUP
26	5104	V14	SUP
30	5104	V14	SUP
31	5104	V14	SUP
34	5104	V14	SUP
35	5104	V14	SUP
37	5104	V14	SUP
38	5104	V14	SUP
41	5104	V14	SUP
50	5104	V14	SUP
58	5104	V14	SUP
60	5104	V14	SUP
70	5104	V14	SUP
91	5104	V14	SUP
99	5104	V14	SUP
105	5104	V14	SUP
112	5104	V14	SUP
113	5104	V14	SUP
122	5104	V14	SUP
131	5104	V14	SUP
132	5104	V14	SUP
134	5104	V14	SUP
136	5104	V14	SUP
139	5104	V14	SUP
141	5104	V14	SUP
146	5104	V14	SUP
149	5104	V14	SUP
150	5104	V14	SUP
161	5104	V14	SUP
166	5104	V14	SUP
181	5104	V14	SUP
187	5104	V14	SUP
191	5104	V14	SUP
197	5104	V14	SUP
202	5104	V14	SUP
203	5104	V14	SUP
204	5104	V14	SUP
209	5104	V14	SUP
210	5104	V14	SUP
213	5104	V14	SUP
236	5104	V14	SUP
239	5104	V14	SUP
254	5104	V14	SUP
259	5104	V14	SUP
260	5104	V14	SUP
265	5104	V14	SUP
271	5104	V14	SUP
272	5104	V14	SUP
278	5104	V14	SUP
280	5104	V14	SUP
283	5104	V14	SUP
287	5104	V14	SUP
296	5104	V14	SUP
302	5104	V14	SUP
304	5104	V14	SUP
306	5104	V14	SUP
311	5104	V14	SUP
314	5104	V14	SUP
318	5104	V14	SUP
321	5104	V14	SUP
328	5104	V14	SUP
333	5104	V14	SUP
340	5104	V14	SUP
346	5104	V14	SUP
355	5104	V14	SUP
373	5104	V14	SUP
378	5104	V14	SUP
386	5104	V14	SUP
392	5104	V14	SUP
395	5104	V14	SUP
398	5104	V14	SUP
399	5104	V14	SUP
401	5104	V14	SUP
410	5104	V14	SUP
412	5104	V14	SUP
417	5104	V14	SUP
421	5104	V14	SUP
426	5104	V14	SUP
427	5104	V14	SUP
430	5104	V14	SUP
433	5104	V14	SUP
434	5104	V14	SUP
443	5104	V14	SUP
448	5104	V14	SUP
458	5104	V14	SUP
459	5104	V14	SUP
461	5104	V14	SUP
464	5104	V14	SUP
467	5104	V14	SUP
472	5104	V14	SUP
473	5104	V14	SUP
477	5104	V14	SUP
478	5104	V14	SUP
480	5104	V14	SUP
481	5104	V14	SUP
494	5104	V14	SUP
495	5104	V14	SUP
504	5104	V14	SUP
505	5104	V14	SUP
508	5104	V14	SUP
511	5104	V14	SUP
514	5104	V14	SUP
515	5104	V14	SUP
516	5104	V14	SUP
520	5104	V14	SUP
529	5104	V14	SUP
534	5104	V14	SUP
535	5104	V14	SUP
539	5104	V14	SUP
544	5104	V14	SUP
546	5104	V14	SUP
555	5104	V14	SUP
558	5104	V14	SUP
560	5104	V14	SUP
564	5104	V14	SUP
565	5104	V14	SUP
573	5104	V14	SUP
578	5104	V14	SUP
580	5104	V14	SUP
589	5104	V14	SUP
591	5104	V14	SUP
594	5104	V14	SUP
602	5104	V14	SUP
619	5104	V14	SUP
621	5104	V14	SUP
629	5104	V14	SUP
640	5104	V14	SUP
653	5104	V14	SUP
657	5104	V14	SUP
663	5104	V14	SUP
666	5104	V14	SUP
672	5104	V14	SUP
675	5104	V14	SUP
678	5104	V14	SUP
679	5104	V14	SUP
689	5104	V14	SUP
708	5104	V14	SUP
716	5104	V14	SUP
717	5104	V14	SUP
719	5104	V14	SUP
728	5104	V14	SUP
734	5104	V14	SUP
751	5104	V14	SUP
765	5104	V14	SUP
770	5104	V14	SUP
775	5104	V14	SUP
780	5104	V14	SUP
781	5104	V14	SUP
794	5104	V14	SUP
796	5104	V14	SUP
803	5104	V14	SUP
804	5104	V14	SUP
807	5104	V14	SUP
808	5104	V14	SUP
824	5104	V14	SUP
839	5104	V14	SUP
845	5104	V14	SUP
851	5104	V14	SUP
853	5104	V14	SUP
859	5104	V14	SUP
867	5104	V14	SUP
899	5104	V14	SUP
904	5104	V14	SUP
907	5104	V14	SUP
911	5104	V14	SUP
917	5104	V14	SUP
932	5104	V14	SUP
944	5104	V14	SUP
958	5104	V14	SUP
966	5104	V14	SUP
970	5104	V14	SUP
1031	5104	V14	SUP
1035	5104	V14	SUP
1041	5104	V14	SUP
1046	5104	V14	SUP
1074	5104	V14	SUP
1083	5104	V14	SUP
1100	5104	V14	SUP
1106	5104	V14	SUP
1110	5104	V14	SUP
1132	5104	V14	SUP
1136	5104	V14	SUP
1144	5104	V14	SUP
1147	5104	V14	SUP
1158	5104	V14	SUP
1166	5104	V14	SUP
1174	5104	V14	SUP
1177	5104	V14	SUP
1193	5104	V14	SUP
1200	5104	V14	SUP
1224	5104	V14	SUP
1232	5104	V14	SUP
1233	5104	V14	SUP
1248	5104	V14	SUP
1263	5104	V14	SUP
1265	5104	V14	SUP
1296	5104	V14	SUP
1297	5104	V14	SUP
1309	5104	V14	SUP
1323	5104	V14	SUP
1330	5104	V14	SUP
1335	5104	V14	SUP
1337	5104	V14	SUP
1338	5104	V14	SUP
1341	5104	V14	SUP
1356	5104	V14	SUP
1369	5104	V14	SUP
1371	5104	V14	SUP
1376	5104	V14	SUP
1377	5104	V14	SUP
1378	5104	V14	SUP
1379	5104	V14	SUP
1383	5104	V14	SUP
1389	5104	V14	SUP
1391	5104	V14	SUP
1397	5104	V14	SUP
1430	5104	V14	SUP
1436	5104	V14	SUP
1440	5104	V14	SUP
1449	5104	V14	SUP
1463	5104	V14	SUP
1469	5104	V14	SUP
1472	5104	V14	SUP
1482	5104	V14	SUP
1487	5104	V14	SUP
1488	5104	V14	SUP
1489	5104	V14	SUP
1496	5104	V14	SUP
1510	5104	V14	SUP
1515	5104	V14	SUP
1518	5104	V14	SUP
1519	5104	V14	SUP
1522	5104	V14	SUP
1532	5104	V14	SUP
1533	5104	V14	SUP
1535	5104	V14	SUP
1539	5104	V14	SUP
1540	5104	V14	SUP
1545	5104	V14	SUP
1580	5104	V14	SUP
1587	5104	V14	SUP
1589	5104	V14	SUP
1600	5104	V14	SUP
1605	5104	V14	SUP
1612	5104	V14	SUP
1634	5104	V14	SUP
1637	5104	V14	SUP
1642	5104	V14	SUP
1655	5104	V14	SUP
1656	5104	V14	SUP
1667	5104	V14	SUP
1673	5104	V14	SUP
1675	5104	V14	SUP
1680	5104	V14	SUP
1683	5104	V14	SUP
1686	5104	V14	SUP
1704	5104	V14	SUP
1705	5104	V14	SUP
1709	5104	V14	SUP
1713	5104	V14	SUP
1715	5104	V14	SUP
1718	5104	V14	SUP
1720	5104	V14	SUP
1722	5104	V14	SUP
1730	5104	V14	SUP
1734	5104	V14	SUP
1739	5104	V14	SUP
1741	5104	V14	SUP
1748	5104	V14	SUP
1760	5104	V14	SUP
1790	5104	V14	SUP
1797	5104	V14	SUP
1830	5104	V14	SUP
1833	5104	V14	SUP
1839	5104	V14	SUP
1850	5104	V14	SUP
1852	5104	V14	SUP
1868	5104	V14	SUP
1869	5104	V14	SUP
1870	5104	V14	SUP
1872	5104	V14	SUP
1876	5104	V14	SUP
1894	5104	V14	SUP
1908	5104	V14	SUP
1910	5104	V14	SUP
1921	5104	V14	SUP
1942	5104	V14	SUP
1961	5104	V14	SUP
1969	5104	V14	SUP
1976	5104	V14	SUP
1985	5104	V14	SUP
1996	5104	V14	SUP
2000	5104	V14	SUP
2001	5104	V14	SUP
2002	5104	V14	SUP
2008	5104	V14	SUP
2025	5104	V14	SUP
2035	5104	V14	SUP
2041	5104	V14	SUP
2067	5104	V14	SUP
2081	5104	V14	SUP
2098	5104	V14	SUP
2105	5104	V14	SUP
2106	5104	V14	SUP
2145	5104	V14	SUP
2148	5104	V14	SUP
2151	5104	V14	SUP
2162	5104	V14	SUP
2167	5104	V14	SUP
2171	5104	V14	SUP
2183	5104	V14	SUP
2192	5104	V14	SUP
2216	5104	V14	SUP
2219	5104	V14	SUP
2222	5104	V14	SUP
2226	5104	V14	SUP
2227	5104	V14	SUP
2228	5104	V14	SUP
2229	5104	V14	SUP
2239	5104	V14	SUP
2241	5104	V14	SUP
2245	5104	V14	SUP
2248	5104	V14	SUP
2251	5104	V14	SUP
2259	5104	V14	SUP
2261	5104	V14	SUP
2273	5104	V14	SUP
2286	5104	V14	SUP
2287	5104	V14	SUP
2301	5104	V14	SUP
2302	5104	V14	SUP
2304	5104	V14	SUP
2312	5104	V14	SUP
2321	5104	V14	SUP
2329	5104	V14	SUP
2330	5104	V14	SUP
2333	5104	V14	SUP
2344	5104	V14	SUP
2348	5104	V14	SUP
2351	5104	V14	SUP
2352	5104	V14	SUP
2358	5104	V14	SUP
2359	5104	V14	SUP
2360	5104	V14	SUP
2361	5104	V14	SUP
2363	5104	V14	SUP
2376	5104	V14	SUP
2379	5104	V14	SUP
2392	5104	V14	SUP
2399	5104	V14	SUP
2400	5104	V14	SUP
2403	5104	V14	SUP
2409	5104	V14	SUP
2415	5104	V14	SUP
2416	5104	V14	SUP
2426	5104	V14	SUP
2431	5104	V14	SUP
2433	5104	V14	SUP
2436	5104	V14	SUP
2440	5104	V14	SUP
2447	5104	V14	SUP
2449	5104	V14	SUP
2458	5104	V14	SUP
2464	5104	V14	SUP
2507	5104	V14	SUP
2508	5104	V14	SUP
2509	5104	V14	SUP
2517	5104	V14	SUP
2518	5104	V14	SUP
2519	5104	V14	SUP
2522	5104	V14	SUP
2523	5104	V14	SUP
2524	5104	V14	SUP
2525	5104	V14	SUP
2526	5104	V14	SUP
2527	5104	V14	SUP
2528	5104	V14	SUP
2529	5104	V14	SUP
2530	5104	V14	SUP
2532	5104	V14	SUP
2536	5104	V14	SUP
2553	5104	V14	SUP
2554	5104	V14	SUP
2560	5104	V14	SUP
2562	5104	V14	SUP
2565	5104	V14	SUP
2567	5104	V14	SUP
2568	5104	V14	SUP
2569	5104	V14	SUP
2571	5104	V14	SUP
2575	5104	V14	SUP
2587	5104	V14	SUP
2589	5104	V14	SUP
2590	5104	V14	SUP
2591	5104	V14	SUP
2595	5104	V14	SUP
2609	5104	V14	SUP
2611	5104	V14	SUP
2622	5104	V14	SUP
2625	5104	V14	SUP
2627	5104	V14	SUP
2630	5104	V14	SUP
2634	5104	V14	SUP
2645	5104	V14	SUP
2647	5104	V14	SUP
2653	5104	V14	SUP
2660	5104	V14	SUP
2676	5104	V14	SUP
2680	5104	V14	SUP
2687	5104	V14	SUP
2688	5104	V14	SUP
2689	5104	V14	SUP
2690	5104	V14	SUP
2697	5104	V14	SUP
2700	5104	V14	SUP
2703	5104	V14	SUP
2704	5104	V14	SUP
2705	5104	V14	SUP
2710	5104	V14	SUP
2714	5104	V14	SUP
2715	5104	V14	SUP
2726	5104	V14	SUP
2733	5104	V14	SUP
2744	5104	V14	SUP
2746	5104	V14	SUP
2750	5104	V14	SUP
2759	5104	V14	SUP
2765	5104	V14	SUP
2766	5104	V14	SUP
2767	5104	V14	SUP
2780	5104	V14	SUP
2784	5104	V14	SUP
2786	5104	V14	SUP
2795	5104	V14	SUP
2796	5104	V14	SUP
2797	5104	V14	SUP
2799	5104	V14	SUP
2802	5104	V14	SUP
2804	5104	V14	SUP
2806	5104	V14	SUP
2808	5104	V14	SUP
2809	5104	V14	SUP
2817	5104	V14	SUP
2839	5104	V14	SUP
2843	5104	V14	SUP
2846	5104	V14	SUP
2847	5104	V14	SUP
2848	5104	V14	SUP
2850	5104	V14	SUP
2854	5104	V14	SUP
2858	5104	V14	SUP
2864	5104	V14	SUP
2869	5104	V14	SUP
2870	5104	V14	SUP
2871	5104	V14	SUP
2874	5104	V14	SUP
2878	5104	V14	SUP
2883	5104	V14	SUP
2886	5104	V14	SUP
2894	5104	V14	SUP
2905	5104	V14	SUP
2909	5104	V14	SUP
2917	5104	V14	SUP
2920	5104	V14	SUP
2930	5104	V14	SUP
2945	5104	V14	SUP
2956	5104	V14	SUP
2957	5104	V14	SUP
2961	5104	V14	SUP
2962	5104	V14	SUP
2964	5104	V14	SUP
2970	5104	V14	SUP
2976	5104	V14	SUP
2978	5104	V14	SUP
2983	5104	V14	SUP
2985	5104	V14	SUP
2987	5104	V14	SUP
2988	5104	V14	SUP
3012	5104	V14	SUP
3013	5104	V14	SUP
3025	5104	V14	SUP
3059	5104	V14	SUP
3061	5104	V14	SUP
3062	5104	V14	SUP
3063	5104	V14	SUP
3066	5104	V14	SUP
3069	5104	V14	SUP
3070	5104	V14	SUP
3072	5104	V14	SUP
3073	5104	V14	SUP
3085	5104	V14	SUP
3088	5104	V14	SUP
3092	5104	V14	SUP
3096	5104	V14	SUP
3103	5104	V14	SUP
3112	5104	V14	SUP
3122	5104	V14	SUP
3127	5104	V14	SUP
3130	5104	V14	SUP
3132	5104	V14	SUP
3135	5104	V14	SUP
3165	5104	V14	SUP
3169	5104	V14	SUP
3179	5104	V14	SUP
3191	5104	V14	SUP
3212	5104	V14	SUP
3238	5104	V14	SUP
3239	5104	V14	SUP
3258	5104	V14	SUP
3267	5104	V14	SUP
3282	5104	V14	SUP
3283	5104	V14	SUP
3317	5104	V14	SUP
3334	5104	V14	SUP
3336	5104	V14	SUP
3338	5104	V14	SUP
3359	5104	V14	SUP
3383	5104	V14	SUP
3398	5104	V14	SUP
3413	5104	V14	SUP
3416	5104	V14	SUP
3417	5104	V14	SUP
3418	5104	V14	SUP
3438	5104	V14	SUP
3444	5104	V14	SUP
3468	5104	V14	SUP
3483	5104	V14	SUP
3484	5104	V14	SUP
3496	5104	V14	SUP
3514	5104	V14	SUP
3515	5104	V14	SUP
3517	5104	V14	SUP
3535	5104	V14	SUP
3556	5104	V14	SUP
3557	5104	V14	SUP
3560	5104	V14	SUP
3562	5104	V14	SUP
3581	5104	V14	SUP
3586	5104	V14	SUP
3594	5104	V14	SUP
3600	5104	V14	SUP
3619	5104	V14	SUP
3624	5104	V14	SUP
3633	5104	V14	SUP
3651	5104	V14	SUP
3676	5104	V14	SUP
3690	5104	V14	SUP
3703	5104	V14	SUP
3716	5104	V14	SUP
3748	5104	V14	SUP
3781	5104	V14	SUP
3785	5104	V14	SUP
3786	5104	V14	SUP
3800	5104	V14	SUP
3804	5104	V14	SUP
3818	5104	V14	SUP
3847	5104	V14	SUP
3856	5104	V14	SUP
3861	5104	V14	SUP
3866	5104	V14	SUP
3885	5104	V14	SUP
3886	5104	V14	SUP
3891	5104	V14	SUP
3894	5104	V14	SUP
3895	5104	V14	SUP
3908	5104	V14	SUP
3918	5104	V14	SUP
3935	5104	V14	SUP
3957	5104	V14	SUP
3959	5104	V14	SUP
3961	5104	V14	SUP
3974	5104	V14	SUP
3983	5104	V14	SUP
3985	5104	V14	SUP
3994	5104	V14	SUP
3996	5104	V14	SUP
3997	5104	V14	SUP
4001	5104	V14	SUP
4007	5104	V14	SUP
4008	5104	V14	SUP
4018	5104	V14	SUP
4019	5104	V14	SUP
4033	5104	V14	SUP
4034	5104	V14	SUP
4035	5104	V14	SUP
4036	5104	V14	SUP
4037	5104	V14	SUP
4038	5104	V14	SUP
4039	5104	V14	SUP
4040	5104	V14	SUP
4064	5104	V14	SUP
4071	5104	V14	SUP
4072	5104	V14	SUP
4077	5104	V14	SUP
4080	5104	V14	SUP
4082	5104	V14	SUP
4083	5104	V14	SUP
4090	5104	V14	SUP
4091	5104	V14	SUP
4111	5104	V14	SUP
4128	5104	V14	SUP
4140	5104	V14	SUP
4161	5104	V14	SUP
4167	5104	V14	SUP
4173	5104	V14	SUP
4179	5104	V14	SUP
4185	5104	V14	SUP
4188	5104	V14	SUP
4189	5104	V14	SUP
4193	5104	V14	SUP
4194	5104	V14	SUP
4229	5104	V14	SUP
4232	5104	V14	SUP
4243	5104	V14	SUP
4245	5104	V14	SUP
4265	5104	V14	SUP
4266	5104	V14	SUP
4270	5104	V14	SUP
4272	5104	V14	SUP
4274	5104	V14	SUP
4283	5104	V14	SUP
4288	5104	V14	SUP
4295	5104	V14	SUP
4296	5104	V14	SUP
4322	5104	V14	SUP
4338	5104	V14	SUP
4343	5104	V14	SUP
4355	5104	V14	SUP
4357	5104	V14	SUP
4358	5104	V14	SUP
4375	5104	V14	SUP
4392	5104	V14	SUP
4400	5104	V14	SUP
4409	5104	V14	SUP
4424	5104	V14	SUP
4432	5104	V14	SUP
4433	5104	V14	SUP
4436	5104	V14	SUP
4438	5104	V14	SUP
4445	5104	V14	SUP
4460	5104	V14	SUP
4461	5104	V14	SUP
4467	5104	V14	SUP
4474	5104	V14	SUP
4482	5104	V14	SUP
4506	5104	V14	SUP
4511	5104	V14	SUP
4531	5104	V14	SUP
4551	5104	V14	SUP
4576	5104	V14	SUP
4587	5104	V14	SUP
4603	5104	V14	SUP
4609	5104	V14	SUP
4630	5104	V14	SUP
4644	5104	V14	SUP
4652	5104	V14	SUP
4672	5104	V14	SUP
4683	5104	V14	SUP
4695	5104	V14	SUP
4696	5104	V14	SUP
4706	5104	V14	SUP
4708	5104	V14	SUP
4716	5104	V14	SUP
4727	5104	V14	SUP
4728	5104	V14	SUP
4733	5104	V14	SUP
4737	5104	V14	SUP
4738	5104	V14	SUP
4740	5104	V14	SUP
4813	5104	V14	SUP
4814	5104	V14	SUP
4851	5104	V14	SUP
4868	5104	V14	SUP
4873	5104	V14	SUP
4882	5104	V14	SUP
4890	5104	V14	SUP
4893	5104	V14	SUP
4911	5104	V14	SUP
4919	5104	V14	SUP
4925	5104	V14	SUP
4937	5104	V14	SUP
4963	5104	V14	SUP
4968	5104	V14	SUP
4986	5104	V14	SUP
4994	5104	V14	SUP
5013	5104	V14	SUP
5021	5104	V14	SUP
5027	5104	V14	SUP
5037	5104	V14	SUP
5045	5104	V14	SUP
5052	5104	V14	SUP
5055	5104	V14	SUP
5060	5104	V14	SUP
5069	5104	V14	SUP
5077	5104	V14	SUP
5083	5104	V14	SUP
5084	5104	V14	SUP
